{"cameraMode":{"drawMode":0,"name":"Shaded","section":"Shading Mode"},"sceneLighting":false,"audioPlay":false,"sceneViewState":{"showFog":true,"showMaterialUpdate":true,"showSkybox":false,"showFlares":true,"showImageEffects":true,"showParticleSystems":true},"in2DMode":false,"pivot":{"x":154.73475646972657,"y":25.869224548339845,"z":-37.66999816894531},"rotation":{"x":0.04648207500576973,"y":0.007492422591894865,"z":-0.0003474137047305703,"w":0.998892605304718},"size":3.6205501556396486,"orthographic":false}