{"cameraMode":{"drawMode":0,"name":"Shaded","section":"Shading Mode"},"sceneLighting":false,"audioPlay":false,"sceneViewState":{"showFog":true,"showMaterialUpdate":true,"showSkybox":false,"showFlares":true,"showImageEffects":true,"showParticleSystems":true},"in2DMode":false,"pivot":{"x":84.99252319335938,"y":30.923301696777345,"z":-152.3285675048828},"rotation":{"x":0.001038402784615755,"y":0.6878453493118286,"z":-0.0015360526740550995,"w":0.7261228561401367},"size":9.862814903259278,"orthographic":false}