{"cameraMode":{"drawMode":0,"name":"Shaded","section":"Shading Mode"},"sceneLighting":false,"audioPlay":false,"sceneViewState":{"showFog":true,"showMaterialUpdate":true,"showSkybox":false,"showFlares":true,"showImageEffects":true,"showParticleSystems":true},"in2DMode":false,"pivot":{"x":157.1699981689453,"y":25.270000457763673,"z":-238.47000122070313},"rotation":{"x":0.07700586318969727,"y":0.17196837067604066,"z":-0.013897259719669819,"w":0.9822473526000977},"size":3.0301177501678469,"orthographic":false}