{"cameraMode":{"drawMode":0,"name":"Shaded","section":"Shading Mode"},"sceneLighting":false,"audioPlay":false,"sceneViewState":{"showFog":true,"showMaterialUpdate":true,"showSkybox":false,"showFlares":true,"showImageEffects":true,"showParticleSystems":true},"in2DMode":false,"pivot":{"x":77.4764404296875,"y":13.888768196105957,"z":-15.75643539428711},"rotation":{"x":-0.1304464489221573,"y":-0.007664130534976721,"z":0.0011619719443842769,"w":-0.99153071641922},"size":81.14891815185547,"orthographic":false}