{"cameraMode":{"drawMode":0,"name":"Shaded","section":"Shading Mode"},"sceneLighting":false,"audioPlay":false,"sceneViewState":{"showFog":true,"showMaterialUpdate":true,"showSkybox":false,"showFlares":true,"showImageEffects":true,"showParticleSystems":true},"in2DMode":false,"pivot":{"x":127.13465118408203,"y":26.235078811645509,"z":-178.69522094726563},"rotation":{"x":0.048218611627817157,"y":0.056228287518024448,"z":-0.002910972572863102,"w":0.9975579380989075},"size":11.200211524963379,"orthographic":false}