{"cameraMode":{"drawMode":0,"name":"Shaded","section":"Shading Mode"},"sceneLighting":false,"audioPlay":false,"sceneViewState":{"showFog":true,"showMaterialUpdate":true,"showSkybox":false,"showFlares":true,"showImageEffects":true,"showParticleSystems":true},"in2DMode":false,"pivot":{"x":156.01121520996095,"y":26.80032730102539,"z":-227.58566284179688},"rotation":{"x":-0.11407434195280075,"y":-0.0032132116612046959,"z":0.0004775709530804306,"w":-0.993583619594574},"size":1.451961874961853,"orthographic":false}