{"cameraMode":{"drawMode":0,"name":"Shaded","section":"Shading Mode"},"sceneLighting":false,"audioPlay":false,"sceneViewState":{"showFog":true,"showMaterialUpdate":true,"showSkybox":false,"showFlares":true,"showImageEffects":true,"showParticleSystems":true},"in2DMode":false,"pivot":{"x":155.2725067138672,"y":28.722469329833986,"z":-20.39870262145996},"rotation":{"x":-0.1911216378211975,"y":0.018944628536701204,"z":-0.0034399849828332664,"w":-0.9815095663070679},"size":3.523526668548584,"orthographic":false}