{"cameraMode":{"drawMode":0,"name":"Shaded","section":"Shading Mode"},"sceneLighting":false,"audioPlay":false,"sceneViewState":{"showFog":true,"showMaterialUpdate":true,"showSkybox":false,"showFlares":true,"showImageEffects":true,"showParticleSystems":true},"in2DMode":false,"pivot":{"x":155.94815063476563,"y":29.855117797851564,"z":-88.81858825683594},"rotation":{"x":0.12856817245483399,"y":0.07505635172128678,"z":-0.010297352448105812,"w":0.9890325665473938},"size":13.313826560974121,"orthographic":false}