{"cameraMode":{"drawMode":0,"name":"Shaded","section":"Shading Mode"},"sceneLighting":false,"audioPlay":false,"sceneViewState":{"showFog":true,"showMaterialUpdate":true,"showSkybox":false,"showFlares":true,"showImageEffects":true,"showParticleSystems":true},"in2DMode":false,"pivot":{"x":61.71028518676758,"y":14.621085166931153,"z":-13.461085319519043},"rotation":{"x":0.039762817323207858,"y":-0.7237362265586853,"z":0.041246578097343448,"w":0.6880131959915161},"size":65.74649047851563,"orthographic":false}