{"cameraMode":{"drawMode":0,"name":"Shaded","section":"Shading Mode"},"sceneLighting":false,"audioPlay":false,"sceneViewState":{"showFog":true,"showMaterialUpdate":true,"showSkybox":false,"showFlares":true,"showImageEffects":true,"showParticleSystems":true},"in2DMode":false,"pivot":{"x":156.0,"y":26.220943450927736,"z":-141.2964630126953},"rotation":{"x":0.048218611627817157,"y":0.056228287518024448,"z":-0.002910972572863102,"w":0.9975579380989075},"size":5.79374361038208,"orthographic":false}