{"cameraMode":{"drawMode":0,"name":"Shaded","section":"Shading Mode"},"sceneLighting":true,"audioPlay":false,"sceneViewState":{"showFog":true,"showMaterialUpdate":true,"showSkybox":true,"showFlares":true,"showImageEffects":true,"showParticleSystems":true},"in2DMode":false,"pivot":{"x":-0.14764022827148438,"y":-19.760353088378908,"z":-125.67390441894531},"rotation":{"x":-0.16314364969730378,"y":0.4209320843219757,"z":-0.07725182175636292,"w":-0.8889796733856201},"size":42.681968688964847,"orthographic":false}