{"cameraMode":{"drawMode":0,"name":"Shaded","section":"Shading Mode"},"sceneLighting":false,"audioPlay":false,"sceneViewState":{"showFog":true,"showMaterialUpdate":true,"showSkybox":false,"showFlares":true,"showImageEffects":true,"showParticleSystems":true},"in2DMode":false,"pivot":{"x":77.9514389038086,"y":13.888768196105957,"z":-15.75643539428711},"rotation":{"x":0.16727249324321748,"y":0.0539681613445282,"z":-0.009807274676859379,"w":0.9846464395523071},"size":81.60545349121094,"orthographic":false}