{"cameraMode":{"drawMode":0,"name":"Shaded","section":"Shading Mode"},"sceneLighting":false,"audioPlay":false,"sceneViewState":{"showFog":true,"showMaterialUpdate":true,"showSkybox":false,"showFlares":true,"showImageEffects":true,"showParticleSystems":true},"in2DMode":false,"pivot":{"x":77.9514389038086,"y":13.888768196105957,"z":-15.75643539428711},"rotation":{"x":0.19571885466575623,"y":-0.6132456660270691,"z":0.15968099236488343,"w":0.7486714124679565},"size":81.60545349121094,"orthographic":false}